outer_fold,model,metric,reported_value,recomputed_value,absolute_difference,threshold_used,status
0,logistic_regression,roc_auc,0.650794,0.6507936507936508,3.492e-07,0.5,MATCH
0,logistic_regression,pr_auc,0.506639,0.5066385,5e-07,0.5,MATCH
0,logistic_regression,sensitivity,0.714286,0.7142857142857143,2.857e-07,0.5,MATCH
0,logistic_regression,specificity,0.777778,0.7777777777777778,2.222e-07,0.5,MATCH
0,logistic_regression,ppv,0.714286,0.7142857142857143,2.857e-07,0.5,MATCH
0,logistic_regression,npv,0.777778,0.7777777777777778,2.222e-07,0.5,MATCH
0,logistic_regression,f1,0.714286,0.7142857142857143,2.857e-07,0.5,MATCH
0,logistic_regression,balanced_accuracy,0.746032,0.746031746031746,2.54e-07,0.5,MATCH
0,logistic_regression,brier_score,0.237426,0.23742574282593754,2.572e-07,0.5,MATCH
0,linear_svm,roc_auc,0.666667,0.6666666666666666,3.333e-07,0.5,MATCH
0,linear_svm,pr_auc,-0.020078,-0.020078,0.0,0.5,MATCH
0,linear_svm,sensitivity,0.142857,0.14285714285714285,1.429e-07,0.5,MATCH
0,linear_svm,specificity,1.0,1.0,0.0,0.5,MATCH
0,linear_svm,ppv,1.0,1.0,0.0,0.5,MATCH
0,linear_svm,npv,0.6,0.6,0.0,0.5,MATCH
0,linear_svm,f1,0.25,0.25,0.0,0.5,MATCH
0,linear_svm,balanced_accuracy,0.571429,0.5714285714285714,4.286e-07,0.5,MATCH
0,linear_svm,brier_score,,,,0.5,N/A
0,random_forest,roc_auc,0.730159,0.7301587301587302,2.698e-07,0.5,MATCH
0,random_forest,pr_auc,0.46277,0.4627695,5e-07,0.5,MATCH
0,random_forest,sensitivity,0.571429,0.5714285714285714,4.286e-07,0.5,MATCH
0,random_forest,specificity,0.666667,0.6666666666666666,3.333e-07,0.5,MATCH
0,random_forest,ppv,0.571429,0.5714285714285714,4.286e-07,0.5,MATCH
0,random_forest,npv,0.666667,0.6666666666666666,3.333e-07,0.5,MATCH
0,random_forest,f1,0.571429,0.5714285714285714,4.286e-07,0.5,MATCH
0,random_forest,balanced_accuracy,0.619048,0.6190476190476191,3.81e-07,0.5,MATCH
0,random_forest,brier_score,0.215487,0.2154870888436875,8.88e-08,0.5,MATCH
1,logistic_regression,roc_auc,0.571429,0.5714285714285715,4.286e-07,0.5,MATCH
1,logistic_regression,pr_auc,0.462843,0.46284349999999996,5e-07,0.5,MATCH
1,logistic_regression,sensitivity,0.142857,0.14285714285714285,1.429e-07,0.5,MATCH
1,logistic_regression,specificity,0.888889,0.8888888888888888,1.111e-07,0.5,MATCH
1,logistic_regression,ppv,0.5,0.5,0.0,0.5,MATCH
1,logistic_regression,npv,0.571429,0.5714285714285714,4.286e-07,0.5,MATCH
1,logistic_regression,f1,0.222222,0.2222222222222222,2.222e-07,0.5,MATCH
1,logistic_regression,balanced_accuracy,0.515873,0.5158730158730158,1.59e-08,0.5,MATCH
1,logistic_regression,brier_score,0.249817,0.24981719005306252,1.901e-07,0.5,MATCH
1,linear_svm,roc_auc,0.571429,0.5714285714285715,4.286e-07,0.5,MATCH
1,linear_svm,pr_auc,-0.071839,-0.071839,0.0,0.5,MATCH
1,linear_svm,sensitivity,0.0,0.0,0.0,0.5,MATCH
1,linear_svm,specificity,1.0,1.0,0.0,0.5,MATCH
1,linear_svm,ppv,,,,0.5,N/A
1,linear_svm,npv,0.5625,0.5625,0.0,0.5,MATCH
1,linear_svm,f1,0.0,0.0,0.0,0.5,MATCH
1,linear_svm,balanced_accuracy,0.5,0.5,0.0,0.5,MATCH
1,linear_svm,brier_score,,,,0.5,N/A
1,random_forest,roc_auc,0.507937,0.5079365079365079,4.921e-07,0.5,MATCH
1,random_forest,pr_auc,0.535837,0.5358369999999999,0.0,0.5,MATCH
1,random_forest,sensitivity,0.428571,0.42857142857142855,4.286e-07,0.5,MATCH
1,random_forest,specificity,0.666667,0.6666666666666666,3.333e-07,0.5,MATCH
1,random_forest,ppv,0.5,0.5,0.0,0.5,MATCH
1,random_forest,npv,0.6,0.6,0.0,0.5,MATCH
1,random_forest,f1,0.461538,0.46153846153846156,4.615e-07,0.5,MATCH
1,random_forest,balanced_accuracy,0.547619,0.5476190476190476,4.76e-08,0.5,MATCH
1,random_forest,brier_score,0.263625,0.263625211159625,2.112e-07,0.5,MATCH
2,logistic_regression,roc_auc,0.833333,0.8333333333333334,3.333e-07,0.5,MATCH
2,logistic_regression,pr_auc,0.693733,0.693733,0.0,0.5,MATCH
2,logistic_regression,sensitivity,0.666667,0.6666666666666666,3.333e-07,0.5,MATCH
2,logistic_regression,specificity,0.777778,0.7777777777777778,2.222e-07,0.5,MATCH
2,logistic_regression,ppv,0.666667,0.6666666666666666,3.333e-07,0.5,MATCH
2,logistic_regression,npv,0.777778,0.7777777777777778,2.222e-07,0.5,MATCH
2,logistic_regression,f1,0.666667,0.6666666666666666,3.333e-07,0.5,MATCH
2,logistic_regression,balanced_accuracy,0.722222,0.7222222222222222,2.222e-07,0.5,MATCH
2,logistic_regression,brier_score,0.171258,0.1712577088924667,2.911e-07,0.5,MATCH
2,linear_svm,roc_auc,0.814815,0.8148148148148149,1.852e-07,0.0,MATCH
2,linear_svm,pr_auc,0.327614,0.3276135,5e-07,0.0,MATCH
2,linear_svm,sensitivity,0.666667,0.6666666666666666,3.333e-07,0.0,MATCH
2,linear_svm,specificity,0.777778,0.7777777777777778,2.222e-07,0.0,MATCH
2,linear_svm,ppv,0.666667,0.6666666666666666,3.333e-07,0.0,MATCH
2,linear_svm,npv,0.777778,0.7777777777777778,2.222e-07,0.0,MATCH
2,linear_svm,f1,0.666667,0.6666666666666666,3.333e-07,0.0,MATCH
2,linear_svm,balanced_accuracy,0.722222,0.7222222222222222,2.222e-07,0.0,MATCH
2,linear_svm,brier_score,,,,0.0,N/A
2,random_forest,roc_auc,0.574074,0.5740740740740741,7.41e-08,0.5,MATCH
2,random_forest,pr_auc,0.56,0.56,0.0,0.5,MATCH
2,random_forest,sensitivity,0.5,0.5,0.0,0.5,MATCH
2,random_forest,specificity,0.666667,0.6666666666666666,3.333e-07,0.5,MATCH
2,random_forest,ppv,0.5,0.5,0.0,0.5,MATCH
2,random_forest,npv,0.666667,0.6666666666666666,3.333e-07,0.5,MATCH
2,random_forest,f1,0.5,0.5,0.0,0.5,MATCH
2,random_forest,balanced_accuracy,0.583333,0.5833333333333333,3.333e-07,0.5,MATCH
2,random_forest,brier_score,0.272315,0.27231488118526664,1.188e-07,0.5,MATCH
3,logistic_regression,roc_auc,0.685185,0.6851851851851852,1.852e-07,0.5,MATCH
3,logistic_regression,pr_auc,0.333665,0.3336655,5e-07,0.5,MATCH
3,logistic_regression,sensitivity,0.166667,0.16666666666666666,3.333e-07,0.5,MATCH
3,logistic_regression,specificity,0.888889,0.8888888888888888,1.111e-07,0.5,MATCH
3,logistic_regression,ppv,0.5,0.5,0.0,0.5,MATCH
3,logistic_regression,npv,0.615385,0.6153846153846154,3.846e-07,0.5,MATCH
3,logistic_regression,f1,0.25,0.25,0.0,0.5,MATCH
3,logistic_regression,balanced_accuracy,0.527778,0.5277777777777778,2.222e-07,0.5,MATCH
3,logistic_regression,brier_score,0.222192,0.2221917659946667,2.34e-07,0.5,MATCH
3,linear_svm,roc_auc,0.703704,0.7037037037037037,2.963e-07,0.5,MATCH
3,linear_svm,pr_auc,-0.310582,-0.310582,0.0,0.5,MATCH
3,linear_svm,sensitivity,0.0,0.0,0.0,0.5,MATCH
3,linear_svm,specificity,1.0,1.0,0.0,0.5,MATCH
3,linear_svm,ppv,,,,0.5,N/A
3,linear_svm,npv,0.6,0.6,0.0,0.5,MATCH
3,linear_svm,f1,0.0,0.0,0.0,0.5,MATCH
3,linear_svm,balanced_accuracy,0.5,0.5,0.0,0.5,MATCH
3,linear_svm,brier_score,,,,0.5,N/A
3,random_forest,roc_auc,0.703704,0.7037037037037037,2.963e-07,0.5,MATCH
3,random_forest,pr_auc,0.27699,0.27699,0.0,0.5,MATCH
3,random_forest,sensitivity,0.166667,0.16666666666666666,3.333e-07,0.5,MATCH
3,random_forest,specificity,0.888889,0.8888888888888888,1.111e-07,0.5,MATCH
3,random_forest,ppv,0.5,0.5,0.0,0.5,MATCH
3,random_forest,npv,0.615385,0.6153846153846154,3.846e-07,0.5,MATCH
3,random_forest,f1,0.25,0.25,0.0,0.5,MATCH
3,random_forest,balanced_accuracy,0.527778,0.5277777777777778,2.222e-07,0.5,MATCH
3,random_forest,brier_score,0.216584,0.21658394411493334,5.59e-08,0.5,MATCH
4,logistic_regression,roc_auc,0.75,0.7499999999999999,0.0,0.5,MATCH
4,logistic_regression,pr_auc,0.36982,0.36982000000000004,0.0,0.5,MATCH
4,logistic_regression,sensitivity,0.428571,0.42857142857142855,4.286e-07,0.5,MATCH
4,logistic_regression,specificity,0.875,0.875,0.0,0.5,MATCH
4,logistic_regression,ppv,0.75,0.75,0.0,0.5,MATCH
4,logistic_regression,npv,0.636364,0.6363636363636364,3.636e-07,0.5,MATCH
4,logistic_regression,f1,0.545455,0.5454545454545454,4.545e-07,0.5,MATCH
4,logistic_regression,balanced_accuracy,0.651786,0.6517857142857143,2.857e-07,0.5,MATCH
4,logistic_regression,brier_score,0.215957,0.21595714230899998,1.423e-07,0.5,MATCH
4,linear_svm,roc_auc,0.75,0.7499999999999999,0.0,0.5,MATCH
4,linear_svm,pr_auc,-0.237201,-0.237201,0.0,0.5,MATCH
4,linear_svm,sensitivity,0.0,0.0,0.0,0.5,MATCH
4,linear_svm,specificity,1.0,1.0,0.0,0.5,MATCH
4,linear_svm,ppv,,,,0.5,N/A
4,linear_svm,npv,0.533333,0.5333333333333333,3.333e-07,0.5,MATCH
4,linear_svm,f1,0.0,0.0,0.0,0.5,MATCH
4,linear_svm,balanced_accuracy,0.5,0.5,0.0,0.5,MATCH
4,linear_svm,brier_score,,,,0.5,N/A
4,random_forest,roc_auc,0.571429,0.5714285714285714,4.286e-07,0.5,MATCH
4,random_forest,pr_auc,0.458125,0.458125,0.0,0.5,MATCH
4,random_forest,sensitivity,0.714286,0.7142857142857143,2.857e-07,0.5,MATCH
4,random_forest,specificity,0.75,0.75,0.0,0.5,MATCH
4,random_forest,ppv,0.714286,0.7142857142857143,2.857e-07,0.5,MATCH
4,random_forest,npv,0.75,0.75,0.0,0.5,MATCH
4,random_forest,f1,0.714286,0.7142857142857143,2.857e-07,0.5,MATCH
4,random_forest,balanced_accuracy,0.732143,0.7321428571428572,1.429e-07,0.5,MATCH
4,random_forest,brier_score,0.260292,0.2602916933385333,3.067e-07,0.5,MATCH
